{"cameraMode":{"drawMode":0,"name":"Shaded","section":"Shading Mode"},"sceneLighting":false,"audioPlay":false,"sceneViewState":{"showFog":true,"showMaterialUpdate":false,"showSkybox":false,"showFlares":true,"showImageEffects":true,"showParticleSystems":true},"in2DMode":false,"pivot":{"x":1.7515535354614258,"y":-0.23505282402038575,"z":0.6761002540588379},"rotation":{"x":-0.24100689589977265,"y":0.139174684882164,"z":-0.03494369238615036,"w":-0.9598609805107117},"size":3.6692922115325929,"orthographic":false}